-- MySQL 8.0+ dump generated by ChatGPT
SET NAMES utf8mb4;
SET time_zone = '+01:00';
SET FOREIGN_KEY_CHECKS=0;
DROP DATABASE IF EXISTS academia;
CREATE DATABASE academia CHARACTER SET utf8mb4 COLLATE utf8mb4_0900_ai_ci;
USE academia;

-- Schema -----------------------------------------------------------
CREATE TABLE alumno (
  alumno_id   BIGINT NOT NULL AUTO_INCREMENT,
  nombre      VARCHAR(150) NOT NULL,
  email       VARCHAR(190) NOT NULL,
  telefono    VARCHAR(20) NULL,
  fecha_alta  DATE NOT NULL,
  PRIMARY KEY (alumno_id),
  UNIQUE KEY uq_alumno_email (email)
) ENGINE=InnoDB DEFAULT CHARSET=utf8mb4 COLLATE=utf8mb4_0900_ai_ci;
CREATE TABLE curso (
  curso_id     BIGINT NOT NULL AUTO_INCREMENT,
  titulo       VARCHAR(160) NOT NULL,
  precio_base  DECIMAL(10,2) NOT NULL,
  horas        INT NOT NULL,
  inicio       DATE NOT NULL,
  fin          DATE NULL,
  cupo         INT NULL,
  PRIMARY KEY (curso_id)
) ENGINE=InnoDB DEFAULT CHARSET=utf8mb4 COLLATE=utf8mb4_0900_ai_ci;
CREATE TABLE matricula (
  alumno_id        BIGINT NOT NULL,
  curso_id         BIGINT NOT NULL,
  fecha_matricula  DATE NOT NULL,
  precio_pagado    DECIMAL(10,2) NOT NULL,
  descuento_pct    DECIMAL(5,2) NULL,
  nota_final       DECIMAL(4,2) NULL,
  observaciones    TEXT NULL,
  PRIMARY KEY (alumno_id, curso_id),
  KEY idx_matricula_curso (curso_id),
  CONSTRAINT fk_matricula_alumno FOREIGN KEY (alumno_id) REFERENCES alumno(alumno_id) ON DELETE CASCADE,
  CONSTRAINT fk_matricula_curso  FOREIGN KEY (curso_id)  REFERENCES curso(curso_id)  ON DELETE CASCADE
) ENGINE=InnoDB DEFAULT CHARSET=utf8mb4 COLLATE=utf8mb4_0900_ai_ci;
SET FOREIGN_KEY_CHECKS=1;

START TRANSACTION;
-- Alumnos -----------------------------------------------------------
INSERT INTO alumno (alumno_id, nombre, email, telefono, fecha_alta) VALUES
(1, 'Gema Pérez González', 'gema.perez760@hotmail.com', '676804025', '2024-01-28'),
(2, 'Rubén Hernández Castro', 'ruben.hernandez430@outlook.com', '780863193', '2024-04-04'),
(3, 'Carlos Sánchez Domínguez', 'carlos.sanchez868@hotmail.com', '675935868', '2025-08-14'),
(4, 'Claudia López Rodríguez', 'claudia.lopez678@outlook.com', NULL, '2024-03-22'),
(5, 'Jaime Moreno Sánchez', 'jaime.moreno390@hotmail.com', '713676065', '2024-09-07'),
(6, 'Sofía Molina Ramos', 'sofia.molina277@example.org', '668720322', '2025-08-03'),
(7, 'Tomás Navarro Díaz', 'tomas.navarro672@proton.me', '711757453', '2024-05-21'),
(8, 'Álvaro Suárez Martínez', 'alvaro.suarez774@gmail.com', NULL, '2024-06-05'),
(9, 'Gema Jiménez Serrano', 'gema.jimenez611@gmail.com', '759807652', '2025-10-18'),
(10, 'José Pérez Alonso', 'jose.perez446@outlook.com', '797516851', '2025-01-17'),
(11, 'Adrián Jiménez Castro', 'adrian.jimenez977@yahoo.es', NULL, '2025-09-05'),
(12, 'Luis Suárez González', 'luis.suarez115@hotmail.com', NULL, '2024-11-10'),
(13, 'Patricia Fernández Álvarez', 'patricia.fernandez900@yahoo.es', NULL, '2024-03-28'),
(14, 'Daniel Suárez López', 'daniel.suarez779@yahoo.es', NULL, '2024-05-11'),
(15, 'Silvia Morales Ortiz', 'silvia.morales170@hotmail.com', '799767363', '2025-06-13'),
(16, 'Diego Pérez Álvarez', 'diego.perez231@gmail.com', '650700035', '2024-10-12'),
(17, 'Silvia Suárez Díaz', 'silvia.suarez553@outlook.com', NULL, '2025-08-07'),
(18, 'Manuel Morales Álvarez', 'manuel.morales804@proton.me', NULL, '2024-07-13'),
(19, 'Marta Sánchez Serrano', 'marta.sanchez363@proton.me', '669043821', '2025-04-04'),
(20, 'Paula Serrano Ruiz', 'paula.serrano286@proton.me', '648509899', '2024-08-30'),
(21, 'Sofía Ramírez Suárez', 'sofia.ramirez493@outlook.com', NULL, '2024-03-01'),
(22, 'Sofía Ramos García', 'sofia.ramos400@hotmail.com', NULL, '2025-04-10'),
(23, 'Alicia Serrano Ortiz', 'alicia.serrano678@example.org', '629557055', '2025-06-27'),
(24, 'Sofía Fernández Ortega', 'sofia.fernandez83@outlook.com', '662182564', '2025-08-20'),
(25, 'Manuel Delgado Navarro', 'manuel.delgado958@hotmail.com', '723623704', '2025-07-30'),
(26, 'Marta López Castro', 'marta.lopez219@yahoo.es', '788318769', '2025-10-31'),
(27, 'Pablo García Ortiz', 'pablo.garcia307@example.org', '628712236', '2024-09-27'),
(28, 'Álvaro Suárez Muñoz', 'alvaro.suarez928@gmail.com', '780319147', '2025-07-28'),
(29, 'Ana Pérez López', 'ana.perez968@example.org', NULL, '2025-07-12'),
(30, 'María Vázquez Marín', 'maria.vazquez566@outlook.com', '638788221', '2025-07-27'),
(31, 'Tomás Ramírez Iglesias', 'tomas.ramirez768@outlook.com', NULL, '2024-08-30'),
(32, 'Gonzalo Jiménez Ruiz', 'gonzalo.jimenez903@proton.me', '774672173', '2024-02-09'),
(33, 'Jaime Morales Moreno', 'jaime.morales205@proton.me', '626320735', '2025-11-26'),
(34, 'Iván Castro Torres', 'ivan.castro962@gmail.com', '719214736', '2025-06-07'),
(35, 'Sara Ramos Rubio', 'sara.ramos195@hotmail.com', '709577630', '2025-11-11'),
(36, 'Iván Torres Iglesias', 'ivan.torres322@example.org', NULL, '2024-11-03'),
(37, 'Álvaro Gutiérrez Ramírez', 'alvaro.gutierrez335@proton.me', '616371548', '2024-11-07'),
(38, 'Alicia Díaz Serrano', 'alicia.diaz805@yahoo.es', '744249710', '2025-06-11'),
(39, 'Silvia Iglesias Torres', 'silvia.iglesias96@outlook.com', '681096748', '2025-08-12'),
(40, 'Claudia Ramos Suárez', 'claudia.ramos410@outlook.com', '688872864', '2025-07-24'),
(41, 'Patricia Pérez Molina', 'patricia.perez137@proton.me', '798675858', '2025-05-01'),
(42, 'Diego Muñoz Álvarez', 'diego.munoz861@example.org', '762022351', '2024-08-24'),
(43, 'Carlos Martín Díaz', 'carlos.martin66@proton.me', '742495687', '2025-01-24'),
(44, 'David García Domínguez', 'david.garcia306@proton.me', NULL, '2025-03-05'),
(45, 'Jorge Castro Sanz', 'jorge.castro920@outlook.com', '740364141', '2025-09-29'),
(46, 'Jorge González Gil', 'jorge.gonzalez607@yahoo.es', '661403237', '2025-01-23'),
(47, 'Beatriz Ramírez Muñoz', 'beatriz.ramirez855@gmail.com', '693676791', '2024-01-21'),
(48, 'Rafael Martín Álvarez', 'rafael.martin130@proton.me', '642369771', '2024-11-14'),
(49, 'Marta Marín González', 'marta.marin952@hotmail.com', '737066178', '2025-09-06'),
(50, 'Lucas Pérez Rubio', 'lucas.perez802@gmail.com', '760604443', '2025-04-15'),
(51, 'Natalia Martín Serrano', 'natalia.martin181@example.org', '769748532', '2024-03-29'),
(52, 'Beatriz Blanco Álvarez', 'beatriz.blanco769@proton.me', '734343225', '2024-10-09'),
(53, 'Rubén García Delgado', 'ruben.garcia971@outlook.com', '747664702', '2025-12-09'),
(54, 'Patricia Gutiérrez Marín', 'patricia.gutierrez378@proton.me', '747372211', '2024-05-02'),
(55, 'Hugo Castro Ruiz', 'hugo.castro197@outlook.com', NULL, '2024-10-10'),
(56, 'Daniel Marín Delgado', 'daniel.marin612@hotmail.com', NULL, '2024-07-17'),
(57, 'Alicia Moreno Vázquez', 'alicia.moreno184@hotmail.com', '629561848', '2025-08-10'),
(58, 'Alicia Morales Morales', 'alicia.morales452@hotmail.com', '628104561', '2025-07-30'),
(59, 'Eva Martínez Álvarez', 'eva.martinez122@yahoo.es', NULL, '2025-09-12'),
(60, 'Andrés Iglesias Moreno', 'andres.iglesias795@yahoo.es', '725450907', '2025-10-02'),
(61, 'Noelia Muñoz Martínez', 'noelia.munoz161@outlook.com', '614640228', '2024-03-13'),
(62, 'Rocío Moreno Muñoz', 'rocio.moreno807@example.org', '645698013', '2025-08-05'),
(63, 'Iván Alonso Blanco', 'ivan.alonso128@proton.me', '795400432', '2024-04-03'),
(64, 'Irene Rubio Marín', 'irene.rubio974@gmail.com', NULL, '2025-11-19'),
(65, 'Marcos Romero Rubio', 'marcos.romero42@outlook.com', '791564033', '2025-11-17'),
(66, 'Marta Jiménez Torres', 'marta.jimenez422@example.org', '785433945', '2024-01-02'),
(67, 'Silvia Castro Molina', 'silvia.castro424@gmail.com', '764402128', '2025-05-11'),
(68, 'Sara González Sanz', 'sara.gonzalez819@outlook.com', NULL, '2024-11-14'),
(69, 'Rubén García Ortiz', 'ruben.garcia418@gmail.com', '641847528', '2025-04-28'),
(70, 'Patricia Molina Ortiz', 'patricia.molina149@proton.me', '682749582', '2024-11-01'),
(71, 'Iván Marín Marín', 'ivan.marin676@proton.me', NULL, '2025-04-02'),
(72, 'Jorge Morales Domínguez', 'jorge.morales341@yahoo.es', NULL, '2025-01-21'),
(73, 'Sergio Navarro Hernández', 'sergio.navarro715@outlook.com', '684349397', '2025-10-29'),
(74, 'Alba Suárez Rodríguez', 'alba.suarez130@yahoo.es', NULL, '2024-12-05'),
(75, 'Gonzalo Sánchez Blanco', 'gonzalo.sanchez103@yahoo.es', NULL, '2024-01-16'),
(76, 'Daniel Martín Ramírez', 'daniel.martin892@example.org', NULL, '2024-03-17'),
(77, 'David Muñoz Torres', 'david.munoz639@example.org', '688833778', '2024-02-06'),
(78, 'Rafael López Álvarez', 'rafael.lopez647@example.org', NULL, '2024-08-20'),
(79, 'Hugo Martínez Serrano', 'hugo.martinez101@example.org', NULL, '2024-04-12'),
(80, 'Diego Jiménez Gutiérrez', 'diego.jimenez926@gmail.com', '623155710', '2025-01-26'),
(81, 'José Manuel Martín Tejero', 'jmartej204@g.educaand.es', '623155710', '2025-01-01');
-- Cursos ------------------------------------------------------------
INSERT INTO curso (curso_id, titulo, precio_base, horas, inicio, fin, cupo) VALUES
(1, 'Desarrollo Backend con Java', 520.00, 70, '2025-11-10', '2026-01-30', 25),
(2, 'Frontend con React', 480.00, 60, '2025-11-15', '2026-01-22', 24),
(3, 'Bases de Datos con MySQL', 350.00, 45, '2025-11-20', '2025-12-28', 22),
(4, 'DevOps con Docker y Kubernetes', 650.00, 75, '2025-12-01', '2026-02-15', 20),
(5, 'Python para Data Analytics', 500.00, 60, '2025-11-18', '2026-01-25', NULL),
(6, 'Ciberseguridad Básica', 300.00, 40, '2025-11-25', NULL, 28),
(7, 'Angular y TypeScript', 450.00, 55, '2025-11-27', '2026-01-31', 24),
(8, 'Spring Boot y Microservicios', 700.00, 80, '2025-12-05', '2026-02-28', 18),
(9, 'Administración de Sistemas Linux', 380.00, 50, '2025-11-29', '2026-01-24', 22),
(10, 'Redes y Seguridad', 420.00, 50, '2025-12-03', NULL, NULL);
-- Matriculas --------------------------------------------------------
INSERT INTO matricula (alumno_id, curso_id, fecha_matricula, precio_pagado, descuento_pct, nota_final, observaciones) VALUES
(1, 4, '2025-12-08', 603.52, 7.15, 6.27, 'Pendiente examen'),
(1, 8, '2025-12-13', 700.00, NULL, NULL, 'Pendiente examen'),
(2, 3, '2025-08-06', 350.00, NULL, 7.94, 'Pago fraccionado'),
(2, 2, '2025-02-24', 423.12, 11.85, 10.00, 'Beca'),
(3, 7, '2025-01-12', 388.71, 13.62, NULL, 'Pendiente examen'),
(4, 7, '2025-11-07', 381.19, 15.29, NULL, NULL),
(4, 5, '2025-11-07', 412.55, 17.49, NULL, 'Pago completo'),
(4, 1, '2025-12-04', 476.89, 8.29, 6.25, 'Pago fraccionado'),
(5, 3, '2025-03-09', 350.00, NULL, 7.90, 'Pago fraccionado'),
(5, 2, '2025-04-13', 480.00, NULL, 8.74, 'Pago completo'),
(5, 1, '2025-09-14', 520.00, NULL, 9.86, 'Requiere apoyo'),
(6, 3, '2025-06-23', 282.94, 19.16, NULL, 'Pendiente examen'),
(6, 5, '2025-12-13', 439.90, 12.02, 8.77, 'Pago completo'),
(7, 7, '2025-08-21', 450.00, NULL, 6.32, NULL),
(7, 9, '2025-10-27', 380.00, NULL, NULL, 'Pendiente examen'),
(7, 6, '2025-02-25', 300.00, NULL, NULL, 'Pendiente examen'),
(8, 4, '2025-02-02', 525.52, 19.15, 8.05, 'Pago fraccionado'),
(8, 8, '2025-07-29', 616.28, 11.96, NULL, 'Pago fraccionado'),
(8, 1, '2025-03-01', 520.00, NULL, 5.19, 'Beca'),
(9, 4, '2025-12-23', 604.30, 7.03, 8.35, 'Pago fraccionado'),
(10, 7, '2025-07-28', 383.31, 14.82, NULL, 'Requiere apoyo'),
(10, 3, '2025-08-16', 317.80, 9.20, NULL, 'Pago completo'),
(11, 4, '2025-11-27', 650.00, NULL, NULL, 'Requiere apoyo'),
(11, 6, '2025-08-21', 300.00, NULL, 5.95, NULL),
(12, 4, '2025-03-06', 559.26, 13.96, 8.93, 'Pago completo'),
(13, 4, '2025-06-18', 563.49, 13.31, 9.07, 'Pago completo'),
(13, 2, '2025-03-08', 399.22, 16.83, 6.39, 'Pago completo'),
(14, 5, '2025-01-08', 500.00, NULL, NULL, 'Pago completo'),
(14, 3, '2025-06-15', 350.00, NULL, NULL, 'Requiere apoyo'),
(15, 3, '2025-02-02', 350.00, NULL, 7.10, NULL),
(16, 8, '2025-12-04', 653.52, 6.64, 9.73, NULL),
(16, 6, '2025-09-03', 264.39, 11.87, NULL, NULL),
(17, 7, '2025-02-11', 450.00, NULL, NULL, NULL),
(17, 2, '2025-11-21', 480.00, NULL, 5.63, 'Requiere apoyo'),
(18, 9, '2025-11-06', 380.00, NULL, 6.47, 'Requiere apoyo'),
(18, 6, '2025-12-02', 300.00, NULL, NULL, NULL),
(19, 9, '2025-07-24', 380.00, NULL, 6.69, 'Beca'),
(19, 4, '2025-05-11', 650.00, NULL, 7.13, 'Pago fraccionado'),
(19, 7, '2025-02-16', 450.00, NULL, 9.61, NULL),
(20, 2, '2025-03-08', 480.00, NULL, NULL, 'Pendiente examen'),
(21, 1, '2025-01-27', 441.74, 15.05, 9.37, 'Beca'),
(21, 9, '2025-03-21', 326.76, 14.01, 7.89, 'Pago completo'),
(22, 8, '2025-10-21', 700.00, NULL, 5.57, 'Pendiente examen'),
(22, 4, '2025-11-11', 650.00, NULL, 7.80, 'Requiere apoyo'),
(22, 2, '2025-12-22', 415.92, 13.35, NULL, 'Pago fraccionado'),
(23, 1, '2025-06-29', 520.00, NULL, NULL, 'Pendiente examen'),
(23, 3, '2025-12-03', 350.00, NULL, NULL, 'Requiere apoyo'),
(24, 2, '2025-08-03', 386.02, 19.58, 7.65, 'Beca'),
(24, 3, '2025-10-18', 350.00, NULL, 6.56, 'Pendiente examen'),
(25, 2, '2025-12-12', 480.00, NULL, NULL, NULL),
(25, 1, '2025-08-15', 520.00, NULL, 7.12, 'Requiere apoyo'),
(26, 5, '2025-10-31', 466.45, 6.71, 6.42, 'Pago fraccionado'),
(26, 4, '2025-04-23', 650.00, NULL, NULL, NULL),
(27, 10, '2025-05-11', 420.00, NULL, 6.06, 'Pago completo'),
(27, 1, '2025-03-31', 520.00, NULL, 7.49, 'Beca'),
(28, 7, '2025-02-06', 411.97, 8.45, 8.34, 'Pendiente examen'),
(29, 1, '2025-10-22', 520.00, NULL, NULL, 'Pendiente examen'),
(29, 7, '2025-02-28', 450.00, NULL, 8.20, 'Pendiente examen'),
(30, 1, '2025-12-20', 520.00, NULL, NULL, 'Beca'),
(30, 6, '2025-08-12', 281.04, 6.32, NULL, 'Pago completo'),
(31, 7, '2025-06-23', 450.00, NULL, NULL, 'Pago fraccionado'),
(31, 9, '2025-09-19', 380.00, NULL, NULL, NULL),
(32, 2, '2025-03-17', 430.85, 10.24, NULL, 'Pago fraccionado'),
(32, 9, '2025-03-20', 380.00, NULL, 5.99, 'Requiere apoyo'),
(32, 4, '2025-08-26', 553.61, 14.83, 8.86, 'Beca'),
(33, 10, '2025-06-15', 343.43, 18.23, NULL, 'Requiere apoyo'),
(33, 8, '2025-11-20', 599.13, 14.41, 5.34, 'Beca'),
(34, 5, '2025-01-30', 500.00, NULL, 7.31, NULL),
(34, 1, '2025-11-11', 520.00, NULL, 8.22, NULL),
(35, 9, '2025-08-19', 380.00, NULL, 8.96, NULL),
(35, 7, '2025-03-19', 388.94, 13.57, 8.03, 'Requiere apoyo'),
(36, 8, '2025-02-13', 700.00, NULL, NULL, 'Pendiente examen'),
(37, 3, '2025-11-09', 350.00, NULL, 7.20, 'Requiere apoyo'),
(37, 1, '2025-06-23', 520.00, NULL, 6.41, 'Beca'),
(38, 10, '2025-05-10', 420.00, NULL, 8.39, 'Pendiente examen'),
(38, 1, '2025-06-20', 442.78, 14.85, NULL, 'Pago completo'),
(38, 6, '2025-06-08', 300.00, NULL, NULL, 'Pendiente examen'),
(39, 7, '2025-12-10', 450.00, NULL, 8.96, 'Pago completo'),
(39, 3, '2025-02-17', 282.76, 19.21, NULL, 'Requiere apoyo'),
(39, 2, '2025-04-20', 425.52, 11.35, 6.81, 'Pago completo'),
(40, 8, '2025-09-17', 700.00, NULL, 5.39, NULL),
(40, 4, '2025-12-05', 536.05, 17.53, NULL, NULL),
(41, 10, '2025-03-26', 389.30, 7.31, 8.46, 'Requiere apoyo'),
(41, 3, '2025-11-09', 330.19, 5.66, 8.60, 'Beca'),
(42, 8, '2025-04-10', 632.52, 9.64, NULL, 'Beca'),
(42, 4, '2025-08-25', 650.00, NULL, NULL, 'Beca'),
(43, 7, '2025-03-12', 362.30, 19.49, NULL, 'Requiere apoyo'),
(43, 9, '2025-09-22', 358.04, 5.78, 6.86, NULL),
(44, 5, '2025-03-17', 500.00, NULL, 7.25, 'Requiere apoyo'),
(45, 2, '2025-01-28', 392.30, 18.27, NULL, 'Beca'),
(45, 4, '2025-07-11', 650.00, NULL, 6.93, NULL),
(46, 1, '2025-03-16', 520.00, NULL, 8.57, 'Pendiente examen'),
(47, 1, '2025-03-13', 520.00, NULL, NULL, 'Pago fraccionado'),
(48, 8, '2025-11-08', 662.97, 5.29, 5.75, 'Pago fraccionado'),
(48, 10, '2025-05-03', 391.99, 6.67, 6.51, NULL),
(48, 1, '2025-02-02', 520.00, NULL, NULL, 'Beca'),
(49, 8, '2025-05-30', 663.25, 5.25, 6.21, 'Pago completo'),
(50, 1, '2025-09-26', 520.00, NULL, 8.32, NULL),
(50, 6, '2025-10-11', 281.94, 6.02, 7.54, 'Requiere apoyo'),
(51, 7, '2025-01-09', 424.57, 5.65, 6.87, 'Pago fraccionado'),
(52, 2, '2025-10-25', 480.00, NULL, NULL, NULL),
(52, 6, '2025-03-31', 270.03, 9.99, 7.73, 'Pago fraccionado'),
(53, 8, '2025-01-19', 658.35, 5.95, NULL, 'Beca'),
(53, 10, '2025-06-11', 420.00, NULL, 6.00, NULL),
(53, 3, '2025-08-31', 305.44, 12.73, NULL, 'Requiere apoyo'),
(54, 1, '2025-12-02', 520.00, NULL, NULL, NULL),
(54, 4, '2025-08-14', 650.00, NULL, 6.84, 'Beca'),
(55, 6, '2025-05-17', 300.00, NULL, 9.62, 'Requiere apoyo'),
(55, 3, '2025-10-07', 294.31, 15.91, 8.01, 'Pago completo'),
(56, 6, '2025-08-17', 300.00, NULL, NULL, 'Pendiente examen'),
(56, 2, '2025-08-17', 425.33, 11.39, NULL, 'Pendiente examen'),
(57, 6, '2025-02-08', 265.44, 11.52, NULL, NULL),
(58, 7, '2025-01-18', 417.87, 7.14, NULL, 'Beca'),
(58, 6, '2025-07-16', 300.00, NULL, 8.23, 'Pendiente examen'),
(58, 3, '2025-07-10', 330.79, 5.49, 7.25, 'Pendiente examen'),
(59, 2, '2025-02-28', 427.34, 10.97, NULL, 'Pago completo'),
(59, 3, '2025-03-02', 350.00, NULL, 7.59, 'Requiere apoyo'),
(60, 5, '2025-09-09', 500.00, NULL, NULL, 'Pago fraccionado'),
(60, 8, '2025-08-16', 700.00, NULL, 5.37, 'Pago completo'),
(61, 6, '2025-03-22', 253.08, 15.64, 6.45, 'Pendiente examen'),
(62, 3, '2025-01-14', 350.00, NULL, 5.69, 'Beca'),
(62, 6, '2025-03-08', 300.00, NULL, 7.34, 'Requiere apoyo'),
(62, 4, '2025-09-03', 609.12, 6.29, 10.00, 'Pago fraccionado'),
(63, 7, '2025-02-07', 422.50, 6.11, NULL, 'Pago fraccionado'),
(63, 10, '2025-03-07', 420.00, NULL, NULL, 'Pendiente examen'),
(64, 10, '2025-09-23', 390.85, 6.94, 9.34, NULL),
(64, 3, '2025-04-26', 350.00, NULL, 6.61, 'Pago fraccionado'),
(65, 9, '2025-05-21', 346.71, 8.76, NULL, 'Requiere apoyo'),
(65, 5, '2025-11-25', 500.00, NULL, 7.67, 'Requiere apoyo'),
(66, 10, '2025-11-06', 389.30, 7.31, NULL, 'Pago fraccionado'),
(67, 10, '2025-05-16', 397.19, 5.43, 8.21, 'Requiere apoyo'),
(67, 1, '2025-11-18', 434.20, 16.50, 8.19, 'Beca'),
(68, 5, '2025-07-27', 500.00, NULL, NULL, 'Pago fraccionado'),
(68, 10, '2025-08-01', 420.00, NULL, 5.30, 'Beca'),
(69, 8, '2025-06-26', 700.00, NULL, 9.31, 'Pendiente examen'),
(69, 4, '2025-05-04', 604.76, 6.96, 7.81, 'Pendiente examen'),
(70, 2, '2025-11-12', 480.00, NULL, 5.25, 'Beca'),
(70, 5, '2025-06-17', 500.00, NULL, NULL, 'Pago completo'),
(71, 6, '2025-09-12', 262.59, 12.47, 7.49, 'Pendiente examen'),
(71, 4, '2025-08-23', 650.00, NULL, NULL, 'Requiere apoyo'),
(72, 4, '2025-12-11', 612.75, 5.73, 7.99, 'Pago fraccionado'),
(73, 5, '2025-07-07', 500.00, NULL, 5.67, 'Pendiente examen'),
(73, 9, '2025-07-05', 340.14, 10.49, 7.85, 'Pago completo'),
(74, 5, '2025-12-15', 500.00, NULL, 7.75, 'Requiere apoyo'),
(74, 2, '2025-10-13', 446.74, 6.93, 6.87, 'Pendiente examen'),
(75, 3, '2025-06-20', 311.43, 11.02, 5.19, 'Pago fraccionado'),
(75, 4, '2025-06-17', 566.87, 12.79, 9.47, 'Pago completo'),
(76, 6, '2025-10-31', 300.00, NULL, NULL, 'Pendiente examen'),
(76, 3, '2025-09-08', 350.00, NULL, NULL, 'Requiere apoyo'),
(77, 10, '2025-10-26', 375.77, 10.53, NULL, 'Beca'),
(77, 5, '2025-11-19', 500.00, NULL, NULL, 'Pago fraccionado'),
(77, 8, '2025-10-23', 700.00, NULL, 9.84, 'Requiere apoyo'),
(78, 1, '2025-07-14', 480.69, 7.56, NULL, 'Requiere apoyo'),
(79, 4, '2025-04-08', 650.00, NULL, NULL, NULL),
(80, 8, '2025-09-14', 700.00, NULL, 8.45, 'Beca');
COMMIT;